Graham,Cloutier,1949-08-08T00:00:00.000Z,graham.cloutier@icloud.com
Jackson,Beaty,1983-06-02T00:00:00.000Z,jackson.beaty96@icloud.com
John,Martínez,2025-03-31T00:00:00.000Z,john.martínez@icloud.com
Francis,Fung,2010-07-14T00:00:00.000Z,francis.fung@icloud.com
Mark,Thomas,1950-04-02T00:00:00.000Z,mark.thomas2@icloud.com
Robert,Gross,2024-02-09T00:00:00.000Z,robert.gross30@outlook.com
Shelley,Stearns,1965-09-19T00:00:00.000Z,shelley.stearns97@outlook.com
Kevin,DeWitt,1996-04-27T00:00:00.000Z,kevin.dewitt51@icloud.com
Blake,Malone,1991-01-09T00:00:00.000Z,blake.malone97@icloud.com
Shirley,Scott,2010-07-29T00:00:00.000Z,shirley.scott41@icloud.com
Jeffrey,Brown,1988-11-03T00:00:00.000Z,jeffrey.brown24@icloud.com
Deanna,Delatorre,1999-03-04T00:00:00.000Z,deanna.delatorre71@icloud.com
Rachelle,Brown,1953-05-25T00:00:00.000Z,rachelle.brown15@icloud.com
Bryan,Lang,1962-02-09T00:00:00.000Z,bryan.lang39@yahoo.com
Andre,Sanchez,1949-09-25T00:00:00.000Z,andre.sanchez55@gmail.com
Joshua,Hatch,1941-08-24T00:00:00.000Z,joshua.hatch22@outlook.com
Juan,Reynolds,2008-08-27T00:00:00.000Z,juan.reynolds@gmail.com
Rosalie,Cockrell,1970-09-04T00:00:00.000Z,rosalie.cockrell51@icloud.com
Lisa,Lee,1999-12-31T00:00:00.000Z,lisa.lee68@icloud.com
Donna,Mooney,2023-08-16T00:00:00.000Z,donna.mooney62@gmail.com
Bruce,Collins,2036-04-24T00:00:00.000Z,bruce.collins89@icloud.com
Kamila,McKay,1960-03-02T00:00:00.000Z,kamila.mckay79@icloud.com
Robert,Collier,1949-05-15T00:00:00.000Z,robert.collier32@gmail.com
Matthew,Vega,2037-07-09T00:00:00.000Z,matthew.vega75@icloud.com
Patricia,Whipple,1955-12-04T00:00:00.000Z,patricia.whipple@icloud.com
Mya,McCall,1990-02-05T00:00:00.000Z,mya.mccall22@icloud.com
Kelsey,Walker,2026-03-02T00:00:00.000Z,kelsey.walker34@outlook.com
Adrian,Luna,2001-07-05T00:00:00.000Z,adrian.luna93@icloud.com
Heather,Rodríguez,2035-05-24T00:00:00.000Z,heather.rodríguez43@icloud.com
Paul,Pendleton,1952-10-04T00:00:00.000Z,paul.pendleton29@gmail.com
Gabriela,Shepherd,2035-10-01T00:00:00.000Z,gabriela.shepherd40@icloud.com
Israel,Hill,2016-07-27T00:00:00.000Z,israel.hill@icloud.com
James,Walker,1971-11-25T00:00:00.000Z,james.walker@gmail.com
Amelia,Choi,1960-11-03T00:00:00.000Z,amelia.choi49@gmail.com
Kara,Salgado,2014-10-16T00:00:00.000Z,kara.salgado28@icloud.com
Cynthia,Scott,2019-03-26T00:00:00.000Z,cynthia.scott@icloud.com
Brandon,Gonzalez,1969-06-23T00:00:00.000Z,brandon.gonzalez70@gmail.com
Mildred,Scruggs,1964-12-24T00:00:00.000Z,mildred.scruggs@icloud.com
Michelle,Santacruz,1960-06-20T00:00:00.000Z,michelle.santacruz22@gmail.com
Susan,Jiménez,2029-06-24T00:00:00.000Z,susan.jiménez87@outlook.com
Arlo,Moore,1941-11-16T00:00:00.000Z,arlo.moore59@icloud.com
Owen,Santiago,1969-03-07T00:00:00.000Z,owen.santiago64@gmail.com
Lily,Logan,1958-01-04T00:00:00.000Z,lily.logan20@icloud.com
Freddie,Casey,2006-11-17T00:00:00.000Z,freddie.casey91@icloud.com
Ryan,Thompson,2021-03-07T00:00:00.000Z,ryan.thompson53@icloud.com
Joseph,Curtis,1988-06-20T00:00:00.000Z,joseph.curtis35@icloud.com
Michael,Kennedy,1947-08-08T00:00:00.000Z,michael.kennedy21@gmail.com
Amy,Bundy,1991-05-28T00:00:00.000Z,amy.bundy87@gmail.com
Kevin,O&#039;Neill,1969-02-15T00:00:00.000Z,kevin.o&#039;neill72@icloud.com
Martha,Schilling,1989-09-24T00:00:00.000Z,martha.schilling13@icloud.com
John,Harper,1987-07-03T00:00:00.000Z,john.harper2@icloud.com
Danny,Watson,2013-05-12T00:00:00.000Z,danny.watson27@gmail.com
Dennis,Payne,2020-01-27T00:00:00.000Z,dennis.payne11@gmail.com
Edgar,Oliver,2011-10-29T00:00:00.000Z,edgar.oliver89@icloud.com
Daniela,López,1983-04-22T00:00:00.000Z,daniela.lópez21@gmail.com
Carmen,Rodríguez,2022-02-25T00:00:00.000Z,carmen.rodríguez19@outlook.com
Elizabeth,Martin,1944-12-24T00:00:00.000Z,elizabeth.martin@icloud.com
Elliott,Davis,2028-05-07T00:00:00.000Z,elliott.davis81@icloud.com
Anthony,Gross,2039-07-06T00:00:00.000Z,anthony.gross@icloud.com
Louise,Gomez,1968-09-19T00:00:00.000Z,louise.gomez15@icloud.com
Donald,Dunlap,2008-05-16T00:00:00.000Z,donald.dunlap83@icloud.com
Marguerite,Hail,2014-09-01T00:00:00.000Z,marguerite.hail86@icloud.com
John,Moseley,1940-04-16T00:00:00.000Z,john.moseley92@icloud.com
Bernard,Adams,1947-08-25T00:00:00.000Z,bernard.adams43@yahoo.com
Jason,Martínez,1960-05-29T00:00:00.000Z,jason.martínez25@gmail.com
Michael,Peng,1943-04-27T00:00:00.000Z,michael.peng47@gmail.com
Garrett,Faulk,1961-11-20T00:00:00.000Z,garrett.faulk@gmail.com
Mary,Baldwin,1946-11-11T00:00:00.000Z,mary.baldwin35@yahoo.com
Melanie,Gomez,2022-03-28T00:00:00.000Z,melanie.gomez7@icloud.com
Amy,Peters,2029-03-04T00:00:00.000Z,amy.peters41@icloud.com
Humberto,Dawson,1948-08-29T00:00:00.000Z,humberto.dawson69@gmail.com
Jessica,Kroll,1965-08-15T00:00:00.000Z,jessica.kroll1@outlook.com
Conor,Kendrick,1959-11-15T00:00:00.000Z,conor.kendrick17@gmail.com
Jade,Smith,1978-05-15T00:00:00.000Z,jade.smith14@gmail.com
Chance,Smith,1981-06-11T00:00:00.000Z,chance.smith40@icloud.com
Sam,Johnson,1944-06-30T00:00:00.000Z,sam.johnson57@icloud.com
Deborah,Alvarez,2018-02-28T00:00:00.000Z,deborah.alvarez3@gmail.com
Johnathan,Pritchard,2015-06-10T00:00:00.000Z,johnathan.pritchard2@icloud.com
Tami,Sweet,2017-02-13T00:00:00.000Z,tami.sweet3@gmail.com
Elijah,Luna,1987-02-19T00:00:00.000Z,elijah.luna@icloud.com
Tony,Whipple,1973-11-28T00:00:00.000Z,tony.whipple53@icloud.com
Elisabeth,Green,2001-09-24T00:00:00.000Z,elisabeth.green46@icloud.com
Megan,Kenney,1971-02-10T00:00:00.000Z,megan.kenney13@icloud.com
John,Owens,1975-03-05T00:00:00.000Z,john.owens@icloud.com
Henry,Medina,1984-11-04T00:00:00.000Z,henry.medina16@gmail.com
Elias,Robinson,2005-09-28T00:00:00.000Z,elias.robinson@icloud.com
Harley,Powell,2018-09-08T00:00:00.000Z,harley.powell44@icloud.com
Anthony,Schrader,1970-07-31T00:00:00.000Z,anthony.schrader72@icloud.com
Clarence,Harris,2014-07-16T00:00:00.000Z,clarence.harris@icloud.com
Angelina,Whitehead,1986-06-26T00:00:00.000Z,angelina.whitehead53@icloud.com
Terence,Alvarez,1970-06-21T00:00:00.000Z,terence.alvarez26@gmail.com
Barbara,Ibarra,2003-07-23T00:00:00.000Z,barbara.ibarra76@gmail.com
Christina,Paine,1981-03-25T00:00:00.000Z,christina.paine35@icloud.com
Edgar,Charles,1971-08-22T00:00:00.000Z,edgar.charles85@icloud.com
Evelyn,Smith,2010-02-09T00:00:00.000Z,evelyn.smith40@icloud.com
Leah,Crawford,1963-11-07T00:00:00.000Z,leah.crawford68@gmail.com
Ashley,Rodríguez,2019-03-07T00:00:00.000Z,ashley.rodríguez76@outlook.com
Olga,Chu,2033-01-27T00:00:00.000Z,olga.chu7@gmail.com
Angela,Nelson,1957-12-15T00:00:00.000Z,angela.nelson46@gmail.com
Glen,Robinson,1940-03-17T00:00:00.000Z,glen.robinson65@icloud.com
Ezekiel,Hensley,1992-03-02T00:00:00.000Z,ezekiel.hensley74@icloud.com
Ivan,Bostic,1950-09-05T00:00:00.000Z,ivan.bostic46@gmail.com
Michael,Troyer,1980-10-08T00:00:00.000Z,michael.troyer45@icloud.com
Michael,Santacruz,1975-07-16T00:00:00.000Z,michael.santacruz29@gmail.com
Kali,Herron,2009-02-02T00:00:00.000Z,kali.herron69@gmail.com
Jackson,Dodson,1943-12-08T00:00:00.000Z,jackson.dodson62@gmail.com
James,Boland,1953-05-06T00:00:00.000Z,james.boland26@gmail.com
Valerie,Harris,2030-09-21T00:00:00.000Z,valerie.harris@gmail.com
Linda,Howell,2018-02-09T00:00:00.000Z,linda.howell55@outlook.com
Nancy,Ware,1987-01-07T00:00:00.000Z,nancy.ware21@icloud.com
Robert,Fernandez,1987-11-15T00:00:00.000Z,robert.fernandez72@gmail.com
David,Baugh,2026-02-19T00:00:00.000Z,david.baugh24@gmail.com
Rodolfo,Wood,2007-03-26T00:00:00.000Z,rodolfo.wood42@icloud.com
Catherine,Miller,1962-07-20T00:00:00.000Z,catherine.miller29@icloud.com
Pablo,Williams,2004-12-14T00:00:00.000Z,pablo.williams33@yahoo.com
Patricia,Urbina,1980-02-12T00:00:00.000Z,patricia.urbina77@yahoo.com
Tessa,Pantoja,1976-03-08T00:00:00.000Z,tessa.pantoja@gmail.com
Daniel,Gonzalez,1963-10-21T00:00:00.000Z,daniel.gonzalez66@icloud.com
John,Dixon,1983-10-09T00:00:00.000Z,john.dixon64@icloud.com
Jonathan,McCreary,2003-04-02T00:00:00.000Z,jonathan.mccreary11@gmail.com
Brian,Sears,1976-08-29T00:00:00.000Z,brian.sears21@outlook.com
Kathryn,Velázquez,1999-10-16T00:00:00.000Z,kathryn.velázquez65@outlook.com
Larry,McKnight,1940-12-13T00:00:00.000Z,larry.mcknight34@gmail.com
Tyler,Treviño,2024-07-09T00:00:00.000Z,tyler.treviño94@gmail.com
Tracy,Rojas,2037-06-20T00:00:00.000Z,tracy.rojas92@icloud.com
Zander,Hightower,2013-09-11T00:00:00.000Z,zander.hightower92@gmail.com
Jackson,Wilcox,2026-03-12T00:00:00.000Z,jackson.wilcox4@outlook.com
Anna,Schrock,1988-12-22T00:00:00.000Z,anna.schrock@gmail.com
Christopher,Shields,1986-02-20T00:00:00.000Z,christopher.shields97@icloud.com
Karen,Vasquez,2001-10-14T00:00:00.000Z,karen.vasquez5@outlook.com
Andrew,Pimentel,1956-07-03T00:00:00.000Z,andrew.pimentel85@gmail.com
Katie,Knox,1948-11-16T00:00:00.000Z,katie.knox65@icloud.com
Paola,Watson,1967-04-20T00:00:00.000Z,paola.watson20@icloud.com
Michelle,Owens,2022-12-31T00:00:00.000Z,michelle.owens78@gmail.com
Gregory,Calvert,1975-04-28T00:00:00.000Z,gregory.calvert53@icloud.com
Alex,Ramírez,1949-12-29T00:00:00.000Z,alex.ramírez@icloud.com
David,Little,1985-11-26T00:00:00.000Z,david.little96@icloud.com
Patricia,Rice,1969-03-26T00:00:00.000Z,patricia.rice99@icloud.com
Joan,Bentley,2010-09-22T00:00:00.000Z,joan.bentley13@icloud.com
Sienna,Howard,1953-11-02T00:00:00.000Z,sienna.howard@icloud.com
Nancy,Beck,2002-06-01T00:00:00.000Z,nancy.beck@gmail.com
Mary,Lacey,1967-11-22T00:00:00.000Z,mary.lacey75@outlook.com
Betty,Sparks,1962-06-25T00:00:00.000Z,betty.sparks45@icloud.com
Eliana,Santana,2030-10-03T00:00:00.000Z,eliana.santana74@gmail.com
April,Parsons,2039-09-01T00:00:00.000Z,april.parsons33@gmail.com
Antonio,Pappas,2004-07-29T00:00:00.000Z,antonio.pappas85@gmail.com
Mia,Meadows,2037-09-13T00:00:00.000Z,mia.meadows55@icloud.com
Samantha,Holt,1941-05-05T00:00:00.000Z,samantha.holt30@icloud.com
Ava,Barton,1949-04-03T00:00:00.000Z,ava.barton56@gmail.com
Austin,Gonzalez,1988-08-19T00:00:00.000Z,austin.gonzalez16@icloud.com
Leigh,Campbell,2017-12-12T00:00:00.000Z,leigh.campbell86@icloud.com
Vivian,Stevens,2039-10-16T00:00:00.000Z,vivian.stevens65@gmail.com
William,Lester,1973-09-30T00:00:00.000Z,william.lester@gmail.com
Linda,Williams,1970-12-05T00:00:00.000Z,linda.williams97@icloud.com
Timothy,Charles,1947-07-28T00:00:00.000Z,timothy.charles@gmail.com
Laura,Cormier,1981-11-30T00:00:00.000Z,laura.cormier94@icloud.com
David,Barber,2009-04-11T00:00:00.000Z,david.barber@icloud.com
Fernando,Kaufman,1964-04-23T00:00:00.000Z,fernando.kaufman96@icloud.com
Forrest,Saunders,1968-02-17T00:00:00.000Z,forrest.saunders96@outlook.com
Ronald,Cooper,1968-02-02T00:00:00.000Z,ronald.cooper18@icloud.com
Marshall,Joyce,2037-09-20T00:00:00.000Z,marshall.joyce41@gmail.com
Paige,Estrada,2029-11-14T00:00:00.000Z,paige.estrada97@outlook.com
Timothy,Holt,1965-11-27T00:00:00.000Z,timothy.holt95@icloud.com
Samantha,Jolly,1965-06-13T00:00:00.000Z,samantha.jolly10@gmail.com
Mary,Cornelius,2031-04-16T00:00:00.000Z,mary.cornelius@icloud.com
Miles,Baker,1985-12-23T00:00:00.000Z,miles.baker16@icloud.com
Ryan,McGinnis,2026-07-01T00:00:00.000Z,ryan.mcginnis47@gmail.com
Steven,Beck,2009-08-06T00:00:00.000Z,steven.beck19@icloud.com
Charles,Kidwell,1951-10-30T00:00:00.000Z,charles.kidwell44@icloud.com
Kimberly,Gomez,1947-07-07T00:00:00.000Z,kimberly.gomez90@outlook.com
Patricia,Maynard,2001-12-11T00:00:00.000Z,patricia.maynard53@gmail.com
Laura,Werner,2002-11-30T00:00:00.000Z,laura.werner66@icloud.com
Michelle,LeBron,1942-08-27T00:00:00.000Z,michelle.lebron25@icloud.com
Ayden,Bryant,2017-11-08T00:00:00.000Z,ayden.bryant17@gmail.com
Robert,Love,1946-01-17T00:00:00.000Z,robert.love74@yahoo.com
Hudson,Thomas,1941-01-03T00:00:00.000Z,hudson.thomas@icloud.com
Ryan,Davis,1945-09-20T00:00:00.000Z,ryan.davis2@gmail.com
Brent,Greenlee,1952-09-27T00:00:00.000Z,brent.greenlee37@icloud.com
Paris,Conley,1955-02-08T00:00:00.000Z,paris.conley2@gmail.com
David,Moreno,1998-05-09T00:00:00.000Z,david.moreno36@gmail.com
Emily,Jaquez,2031-01-24T00:00:00.000Z,emily.jaquez54@gmail.com
John,Henning,2011-07-24T00:00:00.000Z,john.henning88@icloud.com
Cassidy,Woods,1979-05-15T00:00:00.000Z,cassidy.woods12@gmail.com
Isabel,Meléndez,2015-08-03T00:00:00.000Z,isabel.meléndez53@gmail.com
Brianna,Mooney,1980-05-14T00:00:00.000Z,brianna.mooney19@icloud.com
David,Southern,1968-11-22T00:00:00.000Z,david.southern84@icloud.com
Frank,Francis,2036-03-24T00:00:00.000Z,frank.francis5@icloud.com
Ricky,Ramón,1994-06-27T00:00:00.000Z,ricky.ramón0@icloud.com
Abigail,Poole,2002-01-16T00:00:00.000Z,abigail.poole@icloud.com
Cynthia,May,1962-07-30T00:00:00.000Z,cynthia.may63@icloud.com
Michael,Hamilton,1959-03-18T00:00:00.000Z,michael.hamilton76@icloud.com
Kelvin,Garrett,2009-09-21T00:00:00.000Z,kelvin.garrett73@gmail.com
Robert,Cody,1982-03-31T00:00:00.000Z,robert.cody37@icloud.com
Gerald,Jiménez,2031-05-21T00:00:00.000Z,gerald.jiménez78@icloud.com
Olivia,Robles,1964-10-11T00:00:00.000Z,olivia.robles85@icloud.com
Karl,Figueroa,1996-10-18T00:00:00.000Z,karl.figueroa0@icloud.com
Brayden,Warren,2033-08-23T00:00:00.000Z,brayden.warren55@gmail.com
Brenda,Fritz,1946-08-14T00:00:00.000Z,brenda.fritz36@gmail.com
Eric,Alexander,1957-01-31T00:00:00.000Z,eric.alexander81@gmail.com
Eddie,Bell,1961-03-29T00:00:00.000Z,eddie.bell9@icloud.com
Daniel,Echols,1957-11-10T00:00:00.000Z,daniel.echols20@gmail.com
Mark,Herndon,1962-12-10T00:00:00.000Z,mark.herndon9@icloud.com
Thomas,Smith,1991-07-23T00:00:00.000Z,thomas.smith26@gmail.com
Malia,Candelaria,2034-05-31T00:00:00.000Z,malia.candelaria64@gmail.com
Christopher,Dean,1969-09-16T00:00:00.000Z,christopher.dean76@gmail.com
Genevieve,Bender,1992-05-08T00:00:00.000Z,genevieve.bender93@icloud.com
Sidney,Dowd,1979-04-03T00:00:00.000Z,sidney.dowd1@gmail.com
Patricia,Lee,1966-06-03T00:00:00.000Z,patricia.lee@gmail.com
Sophia,Lombardi,1965-06-12T00:00:00.000Z,sophia.lombardi37@icloud.com
Judith,Ramírez,2005-08-02T00:00:00.000Z,judith.ramírez@icloud.com
Isaac,Mora,2038-08-22T00:00:00.000Z,isaac.mora20@gmail.com
Lynn,Novak,2038-03-15T00:00:00.000Z,lynn.novak49@gmail.com
Carly,Roller,2020-08-27T00:00:00.000Z,carly.roller73@icloud.com
Judy,Crosby,2000-09-20T00:00:00.000Z,judy.crosby87@gmail.com
Maggie,Wilkerson,2036-08-04T00:00:00.000Z,maggie.wilkerson11@icloud.com
Juan,Orlando,1950-09-24T00:00:00.000Z,juan.orlando56@icloud.com
Geraldine,Frank,2008-01-25T00:00:00.000Z,geraldine.frank2@gmail.com
Leona,Garrett,2012-04-26T00:00:00.000Z,leona.garrett52@gmail.com
Gabrielle,Wilson,1979-06-20T00:00:00.000Z,gabrielle.wilson7@icloud.com
Matthew,Garnett,1956-02-14T00:00:00.000Z,matthew.garnett66@icloud.com
Sophia,Cook,2027-03-02T00:00:00.000Z,sophia.cook51@icloud.com
Ryan,Vo,2006-10-27T00:00:00.000Z,ryan.vo58@outlook.com
Christopher,Rodríguez,1948-05-15T00:00:00.000Z,christopher.rodríguez@outlook.com
Bonnie,Gould,1959-06-15T00:00:00.000Z,bonnie.gould59@icloud.com
Darla,Castro,1957-06-21T00:00:00.000Z,darla.castro32@icloud.com
Shannon,Crawley,1986-10-23T00:00:00.000Z,shannon.crawley90@icloud.com
Larry,Adcock,2031-09-01T00:00:00.000Z,larry.adcock@icloud.com
Martha,Allen,2017-08-25T00:00:00.000Z,martha.allen41@icloud.com
Kristen,Boyles,1949-03-16T00:00:00.000Z,kristen.boyles36@icloud.com
Sherry,Lanham,1961-11-03T00:00:00.000Z,sherry.lanham93@icloud.com
Nicholas,Beck,1959-01-03T00:00:00.000Z,nicholas.beck97@icloud.com
Madelyn,Rodríguez,1992-06-27T00:00:00.000Z,madelyn.rodríguez18@icloud.com
Joseph,Gonzales,2038-10-01T00:00:00.000Z,joseph.gonzales53@icloud.com
Aaron,Sutherland,1954-06-21T00:00:00.000Z,aaron.sutherland@gmail.com
Quinn,Clay,1988-03-05T00:00:00.000Z,quinn.clay78@gmail.com
Stephanie,Main,2025-01-03T00:00:00.000Z,stephanie.main36@icloud.com
Lonnie,Johnson,1979-09-12T00:00:00.000Z,lonnie.johnson9@yahoo.com
Mackenzie,Morris,1943-12-21T00:00:00.000Z,mackenzie.morris8@icloud.com
Susan,Lawrence,2036-09-10T00:00:00.000Z,susan.lawrence7@icloud.com
David,Gonzalez,1964-11-24T00:00:00.000Z,david.gonzalez90@icloud.com
James,Garcia,1979-06-19T00:00:00.000Z,james.garcia@icloud.com
Aubrey,Schaeffer,1968-01-14T00:00:00.000Z,aubrey.schaeffer50@icloud.com
John,Romero,1967-09-22T00:00:00.000Z,john.romero@gmail.com
Patsy,Cobb,1956-09-21T00:00:00.000Z,patsy.cobb11@gmail.com
Camille,Lucero,2024-08-14T00:00:00.000Z,camille.lucero78@icloud.com
Hanna,Fuentes,2006-11-06T00:00:00.000Z,hanna.fuentes54@gmail.com
Sandra,Watkins,1958-02-25T00:00:00.000Z,sandra.watkins68@gmail.com
Barbara,Liu,2001-01-22T00:00:00.000Z,barbara.liu49@icloud.com
Jacqueline,Tran,1988-08-14T00:00:00.000Z,jacqueline.tran76@icloud.com
Joseph,Nickerson,1961-10-28T00:00:00.000Z,joseph.nickerson61@gmail.com
Kevin,Feliciano,1988-05-02T00:00:00.000Z,kevin.feliciano56@icloud.com
Landon,Fields,1959-04-06T00:00:00.000Z,landon.fields75@icloud.com
Charles,Morales,1958-10-04T00:00:00.000Z,charles.morales33@icloud.com
Madeline,Williams,1965-04-22T00:00:00.000Z,madeline.williams96@gmail.com
Isabella,Kaufman,1983-07-03T00:00:00.000Z,isabella.kaufman77@icloud.com
Dallas,Newman,1957-09-24T00:00:00.000Z,dallas.newman1@icloud.com
Sharon,Smail,1970-11-02T00:00:00.000Z,sharon.smail39@gmail.com
Bruce,Ford,1978-06-23T00:00:00.000Z,bruce.ford22@gmail.com
Korey,Mattson,1984-10-28T00:00:00.000Z,korey.mattson56@gmail.com
Stephen,Nuñez,1963-02-13T00:00:00.000Z,stephen.nuñez56@icloud.com
Tony,Richards,2007-03-03T00:00:00.000Z,tony.richards50@icloud.com
Nicole,Enright,2000-06-16T00:00:00.000Z,nicole.enright75@icloud.com
Guillermo,Burch,2030-08-21T00:00:00.000Z,guillermo.burch24@gmail.com
Josiah,James,1943-11-27T00:00:00.000Z,josiah.james82@outlook.com
William,Teal,1952-07-16T00:00:00.000Z,william.teal7@gmail.com
Hannah,Augustine,1979-10-23T00:00:00.000Z,hannah.augustine77@icloud.com
Edgar,Calhoun,2020-05-14T00:00:00.000Z,edgar.calhoun48@gmail.com
Nathaniel,Myers,1999-07-09T00:00:00.000Z,nathaniel.myers10@gmail.com
Timothy,Scott,1987-03-05T00:00:00.000Z,timothy.scott56@icloud.com
Marsha,Stanfield,1957-10-19T00:00:00.000Z,marsha.stanfield@icloud.com
Margaret,Lundy,2002-08-29T00:00:00.000Z,margaret.lundy83@icloud.com
Ricardo,Atkinson,1999-05-09T00:00:00.000Z,ricardo.atkinson61@gmail.com
Paige,Parks,2009-12-05T00:00:00.000Z,paige.parks70@icloud.com
Chance,Walker,1943-10-19T00:00:00.000Z,chance.walker73@icloud.com
Bradley,Carter,2033-12-30T00:00:00.000Z,bradley.carter0@icloud.com
Mario,Springer,2039-07-03T00:00:00.000Z,mario.springer71@icloud.com
Deborah,Chiang,2036-03-06T00:00:00.000Z,deborah.chiang34@icloud.com
Kyle,Hoffman,2000-10-19T00:00:00.000Z,kyle.hoffman56@icloud.com
Eric,Ballesteros,2003-05-08T00:00:00.000Z,eric.ballesteros59@outlook.com
Ethan,Abbott,1977-09-22T00:00:00.000Z,ethan.abbott92@icloud.com
Eduardo,Contreras,2005-09-29T00:00:00.000Z,eduardo.contreras@outlook.com
Melody,Byrd,2030-03-18T00:00:00.000Z,melody.byrd54@gmail.com
George,Lord,1952-09-24T00:00:00.000Z,george.lord98@outlook.com
Mary,Wright,2007-08-20T00:00:00.000Z,mary.wright38@icloud.com
Rachelle,Martínez,1987-07-12T00:00:00.000Z,rachelle.martínez9@icloud.com
Nadia,Singh,1996-08-16T00:00:00.000Z,nadia.singh16@gmail.com
Alexia,McCracken,1950-09-23T00:00:00.000Z,alexia.mccracken42@gmail.com
Kelly,Ramírez,2001-06-26T00:00:00.000Z,kelly.ramírez82@gmail.com
Barbara,Morales,1995-03-17T00:00:00.000Z,barbara.morales61@gmail.com
Eli,Martin,2028-04-04T00:00:00.000Z,eli.martin59@icloud.com
Jim,Daley,1963-02-02T00:00:00.000Z,jim.daley30@icloud.com
Kaylee,Cao,1993-03-02T00:00:00.000Z,kaylee.cao71@icloud.com
Jeffrey,Read,1980-01-05T00:00:00.000Z,jeffrey.read7@icloud.com
Lorraine,Trent,1950-11-01T00:00:00.000Z,lorraine.trent82@icloud.com
Michael,Garcia,1957-10-10T00:00:00.000Z,michael.garcia@icloud.com
Raymond,Gonzalez,2007-06-15T00:00:00.000Z,raymond.gonzalez2@icloud.com
Jessica,Bryan,1948-06-15T00:00:00.000Z,jessica.bryan@yahoo.com
Evelyn,Williams,1961-06-27T00:00:00.000Z,evelyn.williams@gmail.com
Sarah,Moore,2026-03-23T00:00:00.000Z,sarah.moore99@icloud.com
Joshua,Ramírez,1996-06-04T00:00:00.000Z,joshua.ramírez20@yahoo.com
Sarah,Johnson,1993-04-28T00:00:00.000Z,sarah.johnson27@icloud.com
John,Gray,1941-12-31T00:00:00.000Z,john.gray62@icloud.com
Stacey,Dexter,2000-04-25T00:00:00.000Z,stacey.dexter78@gmail.com
Thomas,Delgado,1982-12-28T00:00:00.000Z,thomas.delgado54@icloud.com
Steven,Paul,1984-02-19T00:00:00.000Z,steven.paul59@icloud.com
Tonya,Kennedy,2012-02-07T00:00:00.000Z,tonya.kennedy@icloud.com
Brenda,Ponce,1957-02-28T00:00:00.000Z,brenda.ponce1@gmail.com
Clarence,Dowell,1968-11-02T00:00:00.000Z,clarence.dowell70@gmail.com
Justin,Lee,1986-05-31T00:00:00.000Z,justin.lee20@gmail.com
Miles,Pérez,1991-09-28T00:00:00.000Z,miles.pérez73@yahoo.com
Addison,Banks,1981-07-17T00:00:00.000Z,addison.banks67@outlook.com
Dalton,Burton,1949-10-15T00:00:00.000Z,dalton.burton67@yahoo.com
Roderick,McClung,1955-02-17T00:00:00.000Z,roderick.mcclung@gmail.com
Brianna,Hill,2013-03-08T00:00:00.000Z,brianna.hill11@icloud.com
Robert,Cook,2033-10-05T00:00:00.000Z,robert.cook67@icloud.com
Alexis,Pryor,1977-11-24T00:00:00.000Z,alexis.pryor76@gmail.com
Amanda,Walden,1943-06-03T00:00:00.000Z,amanda.walden67@icloud.com
Christopher,Greer,1974-11-26T00:00:00.000Z,christopher.greer@outlook.com
Adam,Lee,1985-05-08T00:00:00.000Z,adam.lee75@gmail.com
Margaret,Ross,2034-07-21T00:00:00.000Z,margaret.ross17@icloud.com
Chase,Luján,2000-08-02T00:00:00.000Z,chase.luján44@icloud.com
Marla,Byrd,2014-07-16T00:00:00.000Z,marla.byrd90@icloud.com
Kevin,Bautista,1954-02-25T00:00:00.000Z,kevin.bautista56@gmail.com
Shirley,Pacheco,2005-11-29T00:00:00.000Z,shirley.pacheco90@icloud.com
David,Purdy,1947-10-14T00:00:00.000Z,david.purdy84@icloud.com
Brandon,Aguilera,1961-10-14T00:00:00.000Z,brandon.aguilera98@icloud.com
Aaron,Argueta,1954-09-17T00:00:00.000Z,aaron.argueta17@icloud.com
Denise,Flores,2039-05-04T00:00:00.000Z,denise.flores56@icloud.com
Nora,Brower,2030-06-26T00:00:00.000Z,nora.brower89@icloud.com
Mario,Pike,2014-07-04T00:00:00.000Z,mario.pike@icloud.com
Giselle,Turner,2010-04-11T00:00:00.000Z,giselle.turner23@icloud.com
Trevor,Pérez,2021-07-12T00:00:00.000Z,trevor.pérez88@icloud.com
Dewayne,Butler,1994-07-21T00:00:00.000Z,dewayne.butler@outlook.com
Ryan,Mayo,1963-01-29T00:00:00.000Z,ryan.mayo96@icloud.com
Bentley,Kim,2032-10-02T00:00:00.000Z,bentley.kim7@icloud.com
Lauren,Durand,2030-10-10T00:00:00.000Z,lauren.durand65@gmail.com
Jacquelyn,Simpson,1947-05-13T00:00:00.000Z,jacquelyn.simpson82@gmail.com
Pedro,Alderman,1992-12-05T00:00:00.000Z,pedro.alderman@icloud.com
Ian,Orr,2028-12-02T00:00:00.000Z,ian.orr2@outlook.com
James,Harvey,2013-10-17T00:00:00.000Z,james.harvey58@icloud.com
Hudson,Williams,1976-11-21T00:00:00.000Z,hudson.williams50@icloud.com
Mike,St. Clair,1985-10-02T00:00:00.000Z,mike.st. clair@gmail.com
Lynn,Haag,1968-02-18T00:00:00.000Z,lynn.haag@yahoo.com
Brian,Greene,1975-06-11T00:00:00.000Z,brian.greene37@icloud.com
Kenneth,Quintero,1989-02-07T00:00:00.000Z,kenneth.quintero@icloud.com
Brandi,Arias,1990-10-15T00:00:00.000Z,brandi.arias53@icloud.com
Angela,George,2011-07-20T00:00:00.000Z,angela.george@yahoo.com
Richard,Hannon,1973-04-09T00:00:00.000Z,richard.hannon77@icloud.com
Garry,Cottrell,1976-12-13T00:00:00.000Z,garry.cottrell@gmail.com
Wesley,Grayson,1980-06-04T00:00:00.000Z,wesley.grayson93@gmail.com
Ethan,Montes,2004-10-01T00:00:00.000Z,ethan.montes20@yahoo.com
Javier,McKay,2013-04-01T00:00:00.000Z,javier.mckay@gmail.com
John,Olvera,2035-12-20T00:00:00.000Z,john.olvera@icloud.com
Susan,Jensen,2020-11-07T00:00:00.000Z,susan.jensen64@icloud.com
Larry,Newman,2012-02-05T00:00:00.000Z,larry.newman30@gmail.com
Ashley,Johns,1942-07-16T00:00:00.000Z,ashley.johns@gmail.com
Colin,Riley,1958-06-17T00:00:00.000Z,colin.riley95@outlook.com
Nicole,Hamby,1991-11-07T00:00:00.000Z,nicole.hamby89@icloud.com
Abigail,Wilson,2008-08-26T00:00:00.000Z,abigail.wilson71@icloud.com
Travis,Storm,1975-11-22T00:00:00.000Z,travis.storm36@icloud.com
Susan,Lambert,2010-10-28T00:00:00.000Z,susan.lambert66@gmail.com
Miguel,Scott,2030-01-13T00:00:00.000Z,miguel.scott73@icloud.com
Wendy,Houston,1967-05-12T00:00:00.000Z,wendy.houston@gmail.com
Eden,Graves,2038-02-09T00:00:00.000Z,eden.graves50@icloud.com
Alisa,Woodard,1963-01-30T00:00:00.000Z,alisa.woodard63@icloud.com
Patty,Sanches,1965-12-15T00:00:00.000Z,patty.sanches@icloud.com
Derrick,Matos,2009-05-20T00:00:00.000Z,derrick.matos56@icloud.com
Christian,Moore,2005-06-26T00:00:00.000Z,christian.moore52@icloud.com
Mary,Muir,1940-07-11T00:00:00.000Z,mary.muir65@icloud.com
Andre,Dayton,1966-10-22T00:00:00.000Z,andre.dayton@gmail.com
Charles,Kasper,1955-01-14T00:00:00.000Z,charles.kasper90@icloud.com
Jesus,Lewis,1948-09-15T00:00:00.000Z,jesus.lewis11@gmail.com
Sarah,Hernández,1980-12-12T00:00:00.000Z,sarah.hernández75@icloud.com
David,Arellano,2013-07-22T00:00:00.000Z,david.arellano@icloud.com
Brandi,Smith,1955-01-08T00:00:00.000Z,brandi.smith41@icloud.com
David,Benton,1981-06-29T00:00:00.000Z,david.benton66@icloud.com
Monica,Mullin,2034-05-10T00:00:00.000Z,monica.mullin78@gmail.com
Debra,Hardesty,1983-01-06T00:00:00.000Z,debra.hardesty59@icloud.com
Stephen,Davenport,1990-11-05T00:00:00.000Z,stephen.davenport97@icloud.com
Sloane,Worthington,1997-08-01T00:00:00.000Z,sloane.worthington68@gmail.com
Oliver,Ortiz,2008-11-19T00:00:00.000Z,oliver.ortiz59@gmail.com
Elsie,Hunt,2015-01-19T00:00:00.000Z,elsie.hunt66@icloud.com
Vicki,Kaur,1978-12-22T00:00:00.000Z,vicki.kaur63@icloud.com
Jackson,Stone,2039-09-16T00:00:00.000Z,jackson.stone6@icloud.com
Donna,Brown,1992-10-19T00:00:00.000Z,donna.brown99@gmail.com
Kathryn,Collins,2008-04-27T00:00:00.000Z,kathryn.collins27@icloud.com
David,Montague,1947-01-04T00:00:00.000Z,david.montague5@gmail.com
Amelia,Vance,2001-12-02T00:00:00.000Z,amelia.vance85@icloud.com
William,Alonso,1943-04-25T00:00:00.000Z,william.alonso58@outlook.com
Madalyn,Kelly,1962-11-26T00:00:00.000Z,madalyn.kelly27@icloud.com
Charles,Khan,1991-06-09T00:00:00.000Z,charles.khan65@icloud.com
Raven,Anaya,2017-06-18T00:00:00.000Z,raven.anaya10@icloud.com
Kimberly,Duran,1985-01-21T00:00:00.000Z,kimberly.duran1@gmail.com
Lisa,Hood,2012-02-16T00:00:00.000Z,lisa.hood54@gmail.com
Alexander,Martínez,1961-07-22T00:00:00.000Z,alexander.martínez45@icloud.com
Luis,Pulliam,1974-10-15T00:00:00.000Z,luis.pulliam83@gmail.com
Jessica,McBride,1950-04-24T00:00:00.000Z,jessica.mcbride50@icloud.com
William,Hanson,1949-01-07T00:00:00.000Z,william.hanson90@icloud.com
Dianne,Díaz,2003-02-13T00:00:00.000Z,dianne.díaz16@icloud.com
Seth,Tuttle,1955-09-12T00:00:00.000Z,seth.tuttle20@outlook.com
Dale,McNamara,1987-12-11T00:00:00.000Z,dale.mcnamara13@gmail.com
Taylor,Adams,1981-01-02T00:00:00.000Z,taylor.adams98@gmail.com
Jamie,Burt,1941-06-07T00:00:00.000Z,jamie.burt40@gmail.com
Sarah,Hughes,2021-10-30T00:00:00.000Z,sarah.hughes85@icloud.com
Kevin,Walters,1961-06-13T00:00:00.000Z,kevin.walters32@gmail.com
Kayla,Bermúdez,2032-07-21T00:00:00.000Z,kayla.bermúdez41@yahoo.com
Keith,Levin,1999-11-14T00:00:00.000Z,keith.levin78@icloud.com
Christine,Orozco,2009-05-29T00:00:00.000Z,christine.orozco75@outlook.com
Yesenia,Nelson,2014-02-03T00:00:00.000Z,yesenia.nelson1@gmail.com
Cory,Suárez,1978-03-03T00:00:00.000Z,cory.suárez3@icloud.com
Robert,Sheridan,1963-12-27T00:00:00.000Z,robert.sheridan@gmail.com
Jessica,Hancock,1960-04-13T00:00:00.000Z,jessica.hancock@icloud.com
Reginald,Garcia,1952-11-22T00:00:00.000Z,reginald.garcia9@gmail.com
Clayton,Compton,2003-08-26T00:00:00.000Z,clayton.compton53@gmail.com
Joel,Ellis,1946-11-11T00:00:00.000Z,joel.ellis55@icloud.com
Brody,Jackson,2000-05-04T00:00:00.000Z,brody.jackson46@gmail.com
Rhonda,Perry,1957-06-29T00:00:00.000Z,rhonda.perry26@gmail.com
Alexandria,Smith,2001-08-23T00:00:00.000Z,alexandria.smith87@gmail.com
Addison,Lay,1942-04-17T00:00:00.000Z,addison.lay@gmail.com
Charles,Green,2034-04-21T00:00:00.000Z,charles.green92@icloud.com
Michael,Allen,1957-08-14T00:00:00.000Z,michael.allen@gmail.com
Gabrielle,Alley,1954-12-02T00:00:00.000Z,gabrielle.alley45@icloud.com
John,Dolan,2001-09-27T00:00:00.000Z,john.dolan81@outlook.com
Alissa,Hatfield,2024-09-11T00:00:00.000Z,alissa.hatfield5@icloud.com
John,Suárez,2033-08-22T00:00:00.000Z,john.suárez83@yahoo.com
Rene,Flowers,2000-06-16T00:00:00.000Z,rene.flowers65@icloud.com
Brody,Guest,1994-12-21T00:00:00.000Z,brody.guest1@gmail.com
William,Ryan,2017-04-28T00:00:00.000Z,william.ryan86@icloud.com
Amy,Ledford,1943-10-19T00:00:00.000Z,amy.ledford11@yahoo.com
Brittany,Garcia,2027-06-18T00:00:00.000Z,brittany.garcia5@gmail.com
Jessica,Greene,1997-04-19T00:00:00.000Z,jessica.greene87@gmail.com
George,Devine,1950-09-12T00:00:00.000Z,george.devine21@gmail.com
Andrew,Brito,2008-02-13T00:00:00.000Z,andrew.brito@icloud.com
Toby,Wheeler,1996-06-30T00:00:00.000Z,toby.wheeler54@icloud.com
Michael,Eaves,1953-10-12T00:00:00.000Z,michael.eaves66@icloud.com
Peyton,Savage,2003-11-04T00:00:00.000Z,peyton.savage37@gmail.com
Sonia,Warren,1969-07-02T00:00:00.000Z,sonia.warren96@gmail.com
Jonathan,Godfrey,1982-04-08T00:00:00.000Z,jonathan.godfrey20@icloud.com
Richard,Barbee,2020-05-09T00:00:00.000Z,richard.barbee20@icloud.com
Alex,Brock,2026-11-05T00:00:00.000Z,alex.brock1@icloud.com
Kylie,Wall,2012-04-03T00:00:00.000Z,kylie.wall86@icloud.com
Alexander,Urias,1975-07-26T00:00:00.000Z,alexander.urias41@icloud.com
Brandon,Varela,1941-09-05T00:00:00.000Z,brandon.varela11@icloud.com
Milton,Caudle,2017-01-10T00:00:00.000Z,milton.caudle99@yahoo.com
Joseph,Mendoza,1980-03-14T00:00:00.000Z,joseph.mendoza15@gmail.com
Shirley,White,1952-12-13T00:00:00.000Z,shirley.white77@gmail.com
Kassidy,Quintana,1979-03-17T00:00:00.000Z,kassidy.quintana95@icloud.com
Sandra,Garcia,2035-11-09T00:00:00.000Z,sandra.garcia72@gmail.com
Carol,Lemons,2022-12-22T00:00:00.000Z,carol.lemons@gmail.com
Dewayne,Aguilar,1945-03-01T00:00:00.000Z,dewayne.aguilar70@icloud.com
Camila,Hand,2033-08-24T00:00:00.000Z,camila.hand41@yahoo.com
Elliana,Gilbert,1947-01-18T00:00:00.000Z,elliana.gilbert@icloud.com
Kristin,Bell,1946-08-19T00:00:00.000Z,kristin.bell83@gmail.com
Nancy,McClain,1988-12-09T00:00:00.000Z,nancy.mcclain71@gmail.com
Ronald,Dobbins,2010-07-16T00:00:00.000Z,ronald.dobbins37@icloud.com
Michael,Thorpe,2002-08-28T00:00:00.000Z,michael.thorpe84@icloud.com
Patsy,Rodríguez,1993-10-12T00:00:00.000Z,patsy.rodríguez39@icloud.com
Arnold,Wallace,1987-11-01T00:00:00.000Z,arnold.wallace95@icloud.com
Charles,Scholl,2035-09-10T00:00:00.000Z,charles.scholl93@gmail.com
Cora,Scott,2019-02-12T00:00:00.000Z,cora.scott71@icloud.com
Mercedes,Page,2018-12-17T00:00:00.000Z,mercedes.page@icloud.com
Felicia,Davis,2020-06-16T00:00:00.000Z,felicia.davis@icloud.com
Victor,Gray,1998-04-07T00:00:00.000Z,victor.gray80@icloud.com
Laura,Medina,2013-12-29T00:00:00.000Z,laura.medina57@gmail.com
Joshua,Robles,2006-10-07T00:00:00.000Z,joshua.robles83@icloud.com
Steven,Lee,1973-06-30T00:00:00.000Z,steven.lee6@gmail.com
Dominic,Cervantes,2021-04-02T00:00:00.000Z,dominic.cervantes65@gmail.com
Mike,Johnston,2007-12-18T00:00:00.000Z,mike.johnston@icloud.com
Jordan,Lord,2008-09-10T00:00:00.000Z,jordan.lord@icloud.com
Susan,Frazier,2001-07-24T00:00:00.000Z,susan.frazier67@gmail.com
Veronica,Johnson,2017-08-14T00:00:00.000Z,veronica.johnson30@icloud.com
Angel,Hartman,1947-01-21T00:00:00.000Z,angel.hartman63@icloud.com
Monica,Delagarza,1942-11-07T00:00:00.000Z,monica.delagarza12@gmail.com
Barbara,Joyce,2029-02-27T00:00:00.000Z,barbara.joyce44@outlook.com
Jessica,Darden,1991-04-25T00:00:00.000Z,jessica.darden16@yahoo.com
Jacob,Dawson,1969-01-22T00:00:00.000Z,jacob.dawson67@icloud.com
Valerie,Dunbar,1961-04-23T00:00:00.000Z,valerie.dunbar24@icloud.com
Esther,Cabrera,2003-09-28T00:00:00.000Z,esther.cabrera32@gmail.com
Neal,Dotson,2027-11-22T00:00:00.000Z,neal.dotson@icloud.com
Jill,Marsh,1959-09-17T00:00:00.000Z,jill.marsh24@gmail.com
Alan,Chambers,2001-07-12T00:00:00.000Z,alan.chambers76@icloud.com
Lisa,Perry,2024-06-22T00:00:00.000Z,lisa.perry36@gmail.com
Joseph,Rodríguez,1952-11-21T00:00:00.000Z,joseph.rodríguez@yahoo.com
Sullivan,Miller,2019-10-21T00:00:00.000Z,sullivan.miller35@yahoo.com
Charlotte,Collins,1970-06-16T00:00:00.000Z,charlotte.collins83@icloud.com
Peggy,Mosher,1981-09-03T00:00:00.000Z,peggy.mosher78@icloud.com
Cameron,Green,1976-08-17T00:00:00.000Z,cameron.green19@icloud.com
John,Ogle,1996-08-08T00:00:00.000Z,john.ogle90@gmail.com
Martin,Ray,2023-07-18T00:00:00.000Z,martin.ray69@gmail.com
Alexis,Villalobos,1978-12-18T00:00:00.000Z,alexis.villalobos40@icloud.com
Rocco,Vidal,1998-02-26T00:00:00.000Z,rocco.vidal7@gmail.com
Clarissa,Briggs,2019-10-07T00:00:00.000Z,clarissa.briggs67@icloud.com
Jacob,Pepper,1950-02-13T00:00:00.000Z,jacob.pepper51@gmail.com
Luke,Guerrero,2009-09-01T00:00:00.000Z,luke.guerrero57@outlook.com
Jasmine,Todd,1981-11-02T00:00:00.000Z,jasmine.todd7@icloud.com
Dennis,Garrett,1980-04-05T00:00:00.000Z,dennis.garrett47@gmail.com
Cynthia,Burnett,2000-02-26T00:00:00.000Z,cynthia.burnett72@gmail.com
Michele,Pérez,2017-12-03T00:00:00.000Z,michele.pérez@icloud.com
Jason,Correia,2007-01-09T00:00:00.000Z,jason.correia@icloud.com
Jonathan,Durant,1974-11-20T00:00:00.000Z,jonathan.durant87@gmail.com
Carole,Jara,2030-11-03T00:00:00.000Z,carole.jara40@gmail.com
Judah,Hernández,2004-09-18T00:00:00.000Z,judah.hernández94@icloud.com
Katherine,Collins,2031-08-10T00:00:00.000Z,katherine.collins53@gmail.com
Kelvin,Grove,1956-09-07T00:00:00.000Z,kelvin.grove16@icloud.com
Jewel,Collins,1974-01-11T00:00:00.000Z,jewel.collins67@gmail.com
Michael,Byrd,2015-02-27T00:00:00.000Z,michael.byrd93@icloud.com
Avery,Farmer,1956-05-17T00:00:00.000Z,avery.farmer78@icloud.com
Leonard,Rupert,2039-08-23T00:00:00.000Z,leonard.rupert96@gmail.com
Erica,Hopkins,1990-06-27T00:00:00.000Z,erica.hopkins71@gmail.com
Kayla,Person,1990-06-14T00:00:00.000Z,kayla.person99@gmail.com
Lauren,Sanchez,1987-02-21T00:00:00.000Z,lauren.sanchez24@outlook.com
Jaclyn,Stutzman,1994-07-14T00:00:00.000Z,jaclyn.stutzman@outlook.com
Lynne,Garcia,1993-12-30T00:00:00.000Z,lynne.garcia7@icloud.com
James,Jones,2033-10-23T00:00:00.000Z,james.jones67@icloud.com
Gianna,Greene,1999-10-31T00:00:00.000Z,gianna.greene@icloud.com
Bailey,Robinson,2011-01-12T00:00:00.000Z,bailey.robinson@icloud.com
Aisha,Andrew,2009-08-03T00:00:00.000Z,aisha.andrew80@icloud.com
Olga,Nelson,1977-07-14T00:00:00.000Z,olga.nelson38@outlook.com
Tiffany,Morley,1946-05-18T00:00:00.000Z,tiffany.morley92@outlook.com
Paige,Spears,1999-01-20T00:00:00.000Z,paige.spears93@icloud.com
Linda,Roach,2030-09-01T00:00:00.000Z,linda.roach17@yahoo.com
Crystal,Powell,2029-05-21T00:00:00.000Z,crystal.powell12@gmail.com
Stephanie,Alexander,2035-06-30T00:00:00.000Z,stephanie.alexander20@icloud.com
Alexa,Lambert,2018-12-12T00:00:00.000Z,alexa.lambert79@gmail.com
Jeannette,Collins,2035-06-19T00:00:00.000Z,jeannette.collins4@icloud.com
Ann,Patterson,2020-05-08T00:00:00.000Z,ann.patterson31@icloud.com
Michael,Davis,1971-01-27T00:00:00.000Z,michael.davis38@gmail.com
William,Byrne,1998-05-02T00:00:00.000Z,william.byrne71@icloud.com
Crystal,Arnold,1991-01-29T00:00:00.000Z,crystal.arnold7@gmail.com
Jeffry,Mills,1979-08-13T00:00:00.000Z,jeffry.mills25@icloud.com
Emily,Montañez,2023-11-07T00:00:00.000Z,emily.montañez69@gmail.com
Robin,Love,1992-10-15T00:00:00.000Z,robin.love57@outlook.com
Michael,Beckett,1991-06-10T00:00:00.000Z,michael.beckett11@icloud.com
Annabelle,Benedict,2038-04-24T00:00:00.000Z,annabelle.benedict95@outlook.com
Jeannette,Riddick,1955-06-10T00:00:00.000Z,jeannette.riddick13@outlook.com
Andrew,Buckley,1993-03-31T00:00:00.000Z,andrew.buckley79@icloud.com
Paul,Jennings,1989-04-19T00:00:00.000Z,paul.jennings73@icloud.com
Charles,Lovelace,2006-10-22T00:00:00.000Z,charles.lovelace30@gmail.com
Chase,Bird,1969-08-15T00:00:00.000Z,chase.bird39@icloud.com
Edward,Johnson,2031-03-02T00:00:00.000Z,edward.johnson66@icloud.com
Mary,Chan,1954-12-16T00:00:00.000Z,mary.chan@icloud.com
Edna,Soriano,1992-05-29T00:00:00.000Z,edna.soriano59@icloud.com
Felicia,Card,2014-11-22T00:00:00.000Z,felicia.card0@icloud.com
Jaime,Jiménez,1956-09-27T00:00:00.000Z,jaime.jiménez@gmail.com
Teresa,Jiménez,1965-03-20T00:00:00.000Z,teresa.jiménez@icloud.com
Franklin,Andre,2024-04-23T00:00:00.000Z,franklin.andre53@outlook.com
Roxanne,Baker,1942-09-28T00:00:00.000Z,roxanne.baker29@icloud.com
Peter,Graham,1988-08-09T00:00:00.000Z,peter.graham41@gmail.com
Jonathan,Thomas,2013-12-29T00:00:00.000Z,jonathan.thomas90@icloud.com
Blake,Jones,2012-04-27T00:00:00.000Z,blake.jones41@outlook.com
Kaylin,Kirchner,1987-02-04T00:00:00.000Z,kaylin.kirchner99@icloud.com
Roberto,Singh,1967-05-10T00:00:00.000Z,roberto.singh46@gmail.com
Shawn,Moore,2033-07-03T00:00:00.000Z,shawn.moore93@icloud.com
Ava,Nelson,1980-07-21T00:00:00.000Z,ava.nelson20@gmail.com
Gabriel,Garland,1979-03-26T00:00:00.000Z,gabriel.garland@icloud.com
Brooke,Simmons,1992-10-08T00:00:00.000Z,brooke.simmons87@icloud.com
Kenzie,Miranda,1969-08-18T00:00:00.000Z,kenzie.miranda89@icloud.com
Adele,McCarter,2016-11-04T00:00:00.000Z,adele.mccarter52@icloud.com
Laura,Glass,1983-11-28T00:00:00.000Z,laura.glass55@icloud.com
Frank,Welch,2020-05-31T00:00:00.000Z,frank.welch50@icloud.com
Aden,Conrad,2008-07-26T00:00:00.000Z,aden.conrad70@gmail.com
Madison,Dye,2036-09-01T00:00:00.000Z,madison.dye@gmail.com
Mary,O&#039;Neil,1958-04-11T00:00:00.000Z,mary.o&#039;neil@gmail.com
David,Walker,1950-04-25T00:00:00.000Z,david.walker89@icloud.com
Clare,Bell,1956-02-19T00:00:00.000Z,clare.bell3@icloud.com
Sophia,Granados,1957-12-27T00:00:00.000Z,sophia.granados15@icloud.com
Robert,Elrod,1972-05-08T00:00:00.000Z,robert.elrod10@icloud.com
Elizabeth,Davison,1987-10-10T00:00:00.000Z,elizabeth.davison63@gmail.com
Vincent,Luce,2013-07-09T00:00:00.000Z,vincent.luce7@icloud.com
Lisa,Milburn,2013-02-27T00:00:00.000Z,lisa.milburn1@gmail.com
Donna,Bobo,1955-09-09T00:00:00.000Z,donna.bobo@icloud.com
Taylor,Roberts,1998-12-14T00:00:00.000Z,taylor.roberts16@icloud.com
Danielle,Whittaker,2025-09-26T00:00:00.000Z,danielle.whittaker14@gmail.com
Hannah,Correa,2000-08-21T00:00:00.000Z,hannah.correa68@icloud.com
Blanca,Graff,2026-08-23T00:00:00.000Z,blanca.graff65@outlook.com
Tina,Mason,2027-01-05T00:00:00.000Z,tina.mason13@gmail.com
Hannah,Taylor,1965-02-11T00:00:00.000Z,hannah.taylor81@icloud.com
Frederick,Cooper,1973-07-17T00:00:00.000Z,frederick.cooper8@icloud.com
Shayla,Mercer,2029-09-23T00:00:00.000Z,shayla.mercer73@icloud.com
Dawn,Swanson,2017-12-06T00:00:00.000Z,dawn.swanson55@icloud.com
Patricia,Reynolds,1949-03-23T00:00:00.000Z,patricia.reynolds4@icloud.com
Katelynn,Joyner,1940-09-04T00:00:00.000Z,katelynn.joyner62@icloud.com
Tammie,Hansen,1986-04-12T00:00:00.000Z,tammie.hansen3@icloud.com
Haley,Reyna,1978-01-21T00:00:00.000Z,haley.reyna8@icloud.com
Patrick,Cooper,1944-07-27T00:00:00.000Z,patrick.cooper44@icloud.com
Daniel,Dunne,1983-12-25T00:00:00.000Z,daniel.dunne42@gmail.com
Beth,Lyons,2027-03-01T00:00:00.000Z,beth.lyons@icloud.com
Ana,Hayes,1984-05-12T00:00:00.000Z,ana.hayes10@icloud.com
Allison,Collins,1984-06-05T00:00:00.000Z,allison.collins62@icloud.com
Daniel,Young,1987-04-07T00:00:00.000Z,daniel.young32@icloud.com
Terry,Martin,1971-06-17T00:00:00.000Z,terry.martin@gmail.com
Christopher,Palomares,2006-09-25T00:00:00.000Z,christopher.palomares52@icloud.com
Jessica,Avila,1993-02-22T00:00:00.000Z,jessica.avila38@icloud.com
James,Kim,1983-07-16T00:00:00.000Z,james.kim@icloud.com
Timothy,Jones,1967-06-25T00:00:00.000Z,timothy.jones35@gmail.com
River,Delaney,1993-02-01T00:00:00.000Z,river.delaney99@outlook.com
June,Wetzel,2025-06-15T00:00:00.000Z,june.wetzel89@icloud.com
Judith,Berg,1957-01-29T00:00:00.000Z,judith.berg@gmail.com
Hayden,Farnsworth,2037-12-27T00:00:00.000Z,hayden.farnsworth10@yahoo.com
Amanda,Ball,1967-11-28T00:00:00.000Z,amanda.ball99@icloud.com
Dylan,Cotton,1967-09-04T00:00:00.000Z,dylan.cotton12@icloud.com
Troy,Lee,2022-12-31T00:00:00.000Z,troy.lee44@gmail.com
Michael,Hernández,1971-01-21T00:00:00.000Z,michael.hernández32@icloud.com
Alice,Lehman,1981-04-29T00:00:00.000Z,alice.lehman19@icloud.com
Nathan,Kinney,1970-09-20T00:00:00.000Z,nathan.kinney61@gmail.com
Patricia,Sommers,1982-10-14T00:00:00.000Z,patricia.sommers6@gmail.com
Cody,Goodson,1963-10-02T00:00:00.000Z,cody.goodson69@icloud.com
Cory,Hughes,1966-10-07T00:00:00.000Z,cory.hughes82@gmail.com
Jacob,Foster,1945-05-06T00:00:00.000Z,jacob.foster@icloud.com
Jose,Wilder,1992-02-28T00:00:00.000Z,jose.wilder53@gmail.com
Kelsey,Garcia,2030-10-23T00:00:00.000Z,kelsey.garcia3@icloud.com
Abigail,Conaway,1997-12-06T00:00:00.000Z,abigail.conaway@icloud.com
Amy,Pearson,1975-03-04T00:00:00.000Z,amy.pearson99@gmail.com
Peter,Miller,2039-06-28T00:00:00.000Z,peter.miller61@icloud.com
Tara,Sun,2030-05-29T00:00:00.000Z,tara.sun28@icloud.com
Ashley,Smith,2020-09-02T00:00:00.000Z,ashley.smith93@gmail.com
Victoria,Felix,2010-09-20T00:00:00.000Z,victoria.felix98@gmail.com
Miles,Hinton,2030-09-07T00:00:00.000Z,miles.hinton58@outlook.com
Joel,Melton,1992-09-03T00:00:00.000Z,joel.melton21@icloud.com
Deanna,Wright,1989-07-12T00:00:00.000Z,deanna.wright72@outlook.com
Cathy,Wallace,1974-10-04T00:00:00.000Z,cathy.wallace49@gmail.com
Brenda,Martínez,1972-02-09T00:00:00.000Z,brenda.martínez16@gmail.com
Nicole,Cagle,2002-05-16T00:00:00.000Z,nicole.cagle60@gmail.com
Elliot,Glynn,2022-11-11T00:00:00.000Z,elliot.glynn22@icloud.com
Clarissa,Healy,1981-04-02T00:00:00.000Z,clarissa.healy@icloud.com
Tara,Lam,2028-09-29T00:00:00.000Z,tara.lam30@icloud.com
Eve,Roberts,2018-08-10T00:00:00.000Z,eve.roberts36@gmail.com
Andrew,Maynard,1967-09-07T00:00:00.000Z,andrew.maynard71@gmail.com
Richard,Martínez,1976-12-05T00:00:00.000Z,richard.martínez17@outlook.com
Brandon,Ramírez,2037-03-17T00:00:00.000Z,brandon.ramírez86@icloud.com
Emily,Freeman,2013-03-20T00:00:00.000Z,emily.freeman49@gmail.com
David,Wright,1980-08-23T00:00:00.000Z,david.wright@icloud.com
Mia,Wells,1962-04-26T00:00:00.000Z,mia.wells@icloud.com
Paul,Cook,1992-03-17T00:00:00.000Z,paul.cook96@gmail.com
Emma,Gross,1960-09-24T00:00:00.000Z,emma.gross77@icloud.com
Isaiah,Hollins,2023-04-11T00:00:00.000Z,isaiah.hollins86@icloud.com
Ronda,Lynch,2002-12-08T00:00:00.000Z,ronda.lynch84@icloud.com
Cole,Schilling,1975-12-24T00:00:00.000Z,cole.schilling41@outlook.com
Carrie,Carlson,2029-04-13T00:00:00.000Z,carrie.carlson@icloud.com
Martin,Larsen,2027-05-26T00:00:00.000Z,martin.larsen30@icloud.com
Anthony,Hollingsworth,2017-01-27T00:00:00.000Z,anthony.hollingsworth67@outlook.com
Jennifer,Tran,1997-09-03T00:00:00.000Z,jennifer.tran73@icloud.com
Allison,Williams,1954-08-04T00:00:00.000Z,allison.williams31@icloud.com
Shannon,Miller,1950-06-13T00:00:00.000Z,shannon.miller94@icloud.com
Jeremy,Singleton,1952-09-28T00:00:00.000Z,jeremy.singleton54@icloud.com
Eugene,Olivo,1977-03-06T00:00:00.000Z,eugene.olivo47@icloud.com
Hunter,Spann,1961-12-01T00:00:00.000Z,hunter.spann49@gmail.com
Gabrielle,Gingerich,1986-11-20T00:00:00.000Z,gabrielle.gingerich20@yahoo.com
Richard,Wilson,1945-01-27T00:00:00.000Z,richard.wilson32@icloud.com
Peggy,Guido,1941-11-04T00:00:00.000Z,peggy.guido31@icloud.com
Michael,Lee,1957-01-16T00:00:00.000Z,michael.lee36@icloud.com
Samantha,Garcia,2001-07-22T00:00:00.000Z,samantha.garcia57@icloud.com
Carlos,Romo,2001-02-06T00:00:00.000Z,carlos.romo31@icloud.com
Eleanor,Eaves,1960-08-13T00:00:00.000Z,eleanor.eaves83@icloud.com
Sharon,Salgado,1961-10-19T00:00:00.000Z,sharon.salgado46@icloud.com
Brenda,Crosby,1963-08-01T00:00:00.000Z,brenda.crosby2@icloud.com
Joy,Horan,2005-04-09T00:00:00.000Z,joy.horan56@gmail.com
Kira,Clark,1942-09-01T00:00:00.000Z,kira.clark55@icloud.com
Emmanuel,Parrott,1989-07-09T00:00:00.000Z,emmanuel.parrott17@gmail.com
John,Burt,2020-07-02T00:00:00.000Z,john.burt33@icloud.com
Carlos,Weaver,1961-09-01T00:00:00.000Z,carlos.weaver24@icloud.com
Brian,Allen,2006-01-20T00:00:00.000Z,brian.allen@icloud.com
Marcos,Abrams,1994-11-24T00:00:00.000Z,marcos.abrams@gmail.com
Olivia,Martínez,2025-09-12T00:00:00.000Z,olivia.martínez@icloud.com
Stella,Schroeder,2039-02-19T00:00:00.000Z,stella.schroeder0@yahoo.com
Dylan,Hughes,1953-03-16T00:00:00.000Z,dylan.hughes12@icloud.com
Nancy,Gonzalez,1964-03-13T00:00:00.000Z,nancy.gonzalez13@icloud.com
Diana,DeLong,1947-05-31T00:00:00.000Z,diana.delong95@icloud.com
John,Prince,2020-03-31T00:00:00.000Z,john.prince5@gmail.com
Luke,Emery,2011-04-02T00:00:00.000Z,luke.emery14@outlook.com
Kendra,Gross,1948-03-19T00:00:00.000Z,kendra.gross15@icloud.com
Carlos,Chavis,2018-11-28T00:00:00.000Z,carlos.chavis77@icloud.com
Suzanne,Moore,1986-10-03T00:00:00.000Z,suzanne.moore@yahoo.com
Angelo,Haywood,1953-04-13T00:00:00.000Z,angelo.haywood13@gmail.com
Janet,Cunningham,1989-09-28T00:00:00.000Z,janet.cunningham58@icloud.com
Destiny,Myers,2005-04-27T00:00:00.000Z,destiny.myers13@gmail.com
Joseph,López,2000-01-17T00:00:00.000Z,joseph.lópez70@gmail.com
Donald,Weston,2038-08-10T00:00:00.000Z,donald.weston18@icloud.com
Jane,Dixon,2008-09-05T00:00:00.000Z,jane.dixon92@icloud.com
Joann,Dobbins,1970-03-04T00:00:00.000Z,joann.dobbins@icloud.com
Kathleen,Davidson,2033-09-02T00:00:00.000Z,kathleen.davidson83@icloud.com
April,Levine,2022-06-27T00:00:00.000Z,april.levine11@icloud.com
Paula,Hudson,2033-11-14T00:00:00.000Z,paula.hudson88@icloud.com
Patricia,Webb,2022-01-31T00:00:00.000Z,patricia.webb65@icloud.com
Austin,Dillon,2037-04-12T00:00:00.000Z,austin.dillon12@gmail.com
Blaine,Rush,2012-04-28T00:00:00.000Z,blaine.rush2@icloud.com
Jacqueline,Baker,1988-06-09T00:00:00.000Z,jacqueline.baker@icloud.com
Clara,Jones,1946-12-22T00:00:00.000Z,clara.jones94@icloud.com
Quentin,Sanders,1968-09-13T00:00:00.000Z,quentin.sanders17@yahoo.com
Travis,Hylton,1999-05-29T00:00:00.000Z,travis.hylton69@icloud.com
Ivy,Saavedra,1981-06-15T00:00:00.000Z,ivy.saavedra43@gmail.com
Adalynn,McGraw,2024-06-28T00:00:00.000Z,adalynn.mcgraw70@gmail.com
Joshua,Hagen,2019-04-07T00:00:00.000Z,joshua.hagen77@gmail.com
Shawn,Fisher,1973-11-05T00:00:00.000Z,shawn.fisher74@yahoo.com
Claudia,Mendoza,1976-10-16T00:00:00.000Z,claudia.mendoza24@icloud.com
Arthur,Alexander,2002-10-05T00:00:00.000Z,arthur.alexander78@icloud.com
Zoe,Elkins,2002-10-23T00:00:00.000Z,zoe.elkins@icloud.com
Stella,Carey,1982-03-22T00:00:00.000Z,stella.carey88@icloud.com
Janice,Burnham,2001-04-21T00:00:00.000Z,janice.burnham@gmail.com
Sara,Madden,1993-09-30T00:00:00.000Z,sara.madden55@icloud.com
James,Farrell,1965-07-29T00:00:00.000Z,james.farrell3@gmail.com
Melissa,Cooper,1966-05-16T00:00:00.000Z,melissa.cooper61@icloud.com
Dominic,Xu,2008-01-11T00:00:00.000Z,dominic.xu4@icloud.com
Jacob,Owens,2015-10-07T00:00:00.000Z,jacob.owens@gmail.com
Tanner,Villa,2007-11-30T00:00:00.000Z,tanner.villa93@outlook.com
Robert,Padilla,1998-10-17T00:00:00.000Z,robert.padilla@gmail.com
Benjamin,Forbes,2004-09-25T00:00:00.000Z,benjamin.forbes20@gmail.com
Madison,Pritchard,2006-01-31T00:00:00.000Z,madison.pritchard@icloud.com
Jennifer,Saxon,1986-01-03T00:00:00.000Z,jennifer.saxon50@icloud.com
Karen,Milligan,2004-02-01T00:00:00.000Z,karen.milligan@icloud.com
Sara,Contreras,1959-03-31T00:00:00.000Z,sara.contreras98@icloud.com
Aron,Jones,2018-11-11T00:00:00.000Z,aron.jones99@icloud.com
Shawn,Hernández,1973-03-11T00:00:00.000Z,shawn.hernández8@gmail.com
Harvey,Castillo,1991-01-01T00:00:00.000Z,harvey.castillo71@icloud.com
Israel,Moss,2035-04-13T00:00:00.000Z,israel.moss53@yahoo.com
Virginia,Sanford,1965-03-02T00:00:00.000Z,virginia.sanford55@icloud.com
Katherine,Fletcher,1987-12-17T00:00:00.000Z,katherine.fletcher30@gmail.com
Juanita,Johnson,2017-03-01T00:00:00.000Z,juanita.johnson34@icloud.com
Roderick,Stone,2002-09-20T00:00:00.000Z,roderick.stone71@icloud.com
Chelsea,Davis,2036-10-24T00:00:00.000Z,chelsea.davis49@icloud.com
Peter,Nichols,1959-02-25T00:00:00.000Z,peter.nichols95@icloud.com
Kyra,Charles,2034-04-08T00:00:00.000Z,kyra.charles50@icloud.com
Ashleigh,Robb,1982-08-14T00:00:00.000Z,ashleigh.robb42@icloud.com
Adrian,Ryan,1977-06-19T00:00:00.000Z,adrian.ryan54@icloud.com
Sophia,Hagen,2030-09-09T00:00:00.000Z,sophia.hagen38@yahoo.com
Joseph,Corrales,2026-08-30T00:00:00.000Z,joseph.corrales47@gmail.com
Joanne,Taylor,1951-05-31T00:00:00.000Z,joanne.taylor69@gmail.com
Steven,Wright,2021-08-13T00:00:00.000Z,steven.wright@icloud.com
Michael,Bloom,1961-07-13T00:00:00.000Z,michael.bloom12@gmail.com
Cynthia,North,1962-01-01T00:00:00.000Z,cynthia.north95@gmail.com
Donald,Boone,2036-03-13T00:00:00.000Z,donald.boone34@icloud.com
Vanessa,Hernández,2032-07-13T00:00:00.000Z,vanessa.hernández47@gmail.com
James,Balderas,1985-12-03T00:00:00.000Z,james.balderas90@icloud.com
Jamie,Martin,1966-06-10T00:00:00.000Z,jamie.martin47@gmail.com
John,Hall,1987-11-04T00:00:00.000Z,john.hall36@icloud.com
Derek,Patrick,2030-06-04T00:00:00.000Z,derek.patrick@gmail.com
Joel,Rowan,1974-04-17T00:00:00.000Z,joel.rowan57@icloud.com
Jameson,Ross,1946-10-21T00:00:00.000Z,jameson.ross@icloud.com
Anthony,Gonzalez,2035-10-09T00:00:00.000Z,anthony.gonzalez84@yahoo.com
Brock,Little,1953-12-11T00:00:00.000Z,brock.little25@gmail.com
Peggy,Flores,2005-12-31T00:00:00.000Z,peggy.flores22@icloud.com
Douglas,Lozano,1943-12-18T00:00:00.000Z,douglas.lozano48@icloud.com
William,Yoo,1948-09-25T00:00:00.000Z,william.yoo47@gmail.com
Christina,Shea,1974-05-08T00:00:00.000Z,christina.shea@icloud.com
Reginald,Heard,2023-03-18T00:00:00.000Z,reginald.heard64@icloud.com
Riley,Fazio,2027-10-28T00:00:00.000Z,riley.fazio@gmail.com
Cedric,Pike,1999-03-31T00:00:00.000Z,cedric.pike2@icloud.com
Maria,Johnson,1998-04-05T00:00:00.000Z,maria.johnson75@gmail.com
Jason,Fleming,2027-09-26T00:00:00.000Z,jason.fleming48@icloud.com
River,Gunderson,1999-09-22T00:00:00.000Z,river.gunderson49@icloud.com
Mary,Nakamura,1982-01-31T00:00:00.000Z,mary.nakamura8@icloud.com
Kathy,Medina,2018-10-11T00:00:00.000Z,kathy.medina53@icloud.com
John,Guy,2002-07-16T00:00:00.000Z,john.guy42@icloud.com
Jonathan,Spurgeon,1960-02-21T00:00:00.000Z,jonathan.spurgeon@gmail.com
David,Bacon,1995-09-01T00:00:00.000Z,david.bacon37@icloud.com
Jeremy,Triplett,2024-10-02T00:00:00.000Z,jeremy.triplett17@icloud.com
Nancy,Little,1974-06-02T00:00:00.000Z,nancy.little58@icloud.com
John,Kelly,2003-06-18T00:00:00.000Z,john.kelly66@icloud.com
Nicholas,Harvey,2033-04-16T00:00:00.000Z,nicholas.harvey10@gmail.com
Giovanni,Frank,2027-01-21T00:00:00.000Z,giovanni.frank24@icloud.com
Lydia,Jennings,1985-03-12T00:00:00.000Z,lydia.jennings84@icloud.com
Jessica,Kovacs,2018-07-14T00:00:00.000Z,jessica.kovacs0@icloud.com
Leroy,Banks,1955-11-20T00:00:00.000Z,leroy.banks99@icloud.com
Nicholas,Patel,2030-04-17T00:00:00.000Z,nicholas.patel29@icloud.com
Nicole,Thomas,1952-03-03T00:00:00.000Z,nicole.thomas79@icloud.com
William,Lockett,2012-12-29T00:00:00.000Z,william.lockett@gmail.com
Deanna,Suárez,1944-10-01T00:00:00.000Z,deanna.suárez82@outlook.com
Hubert,Cohen,1980-12-16T00:00:00.000Z,hubert.cohen@icloud.com
Genesis,Ortega,2006-11-02T00:00:00.000Z,genesis.ortega86@icloud.com
Alisha,Ray,1992-07-17T00:00:00.000Z,alisha.ray@icloud.com
Richard,Butler,2014-07-23T00:00:00.000Z,richard.butler48@gmail.com
Mary,Watts,2022-02-24T00:00:00.000Z,mary.watts18@outlook.com
Lori,Rucker,2017-03-13T00:00:00.000Z,lori.rucker60@gmail.com
Drew,Wilson,1955-09-24T00:00:00.000Z,drew.wilson20@icloud.com
Emilee,Robinson,1994-06-21T00:00:00.000Z,emilee.robinson84@gmail.com
Nelson,Singleton,1968-01-08T00:00:00.000Z,nelson.singleton33@icloud.com
Alaina,Williams,1989-12-30T00:00:00.000Z,alaina.williams28@icloud.com
Cameron,Packard,2022-08-18T00:00:00.000Z,cameron.packard41@outlook.com
Michael,Weir,1943-05-10T00:00:00.000Z,michael.weir37@icloud.com
Jennifer,Howell,1982-04-18T00:00:00.000Z,jennifer.howell17@icloud.com
Ronald,Torres,2032-05-29T00:00:00.000Z,ronald.torres11@icloud.com
Jason,Christian,2027-11-24T00:00:00.000Z,jason.christian89@icloud.com
Reginald,Boles,2027-03-01T00:00:00.000Z,reginald.boles26@icloud.com
Maureen,Durkin,1965-12-01T00:00:00.000Z,maureen.durkin26@icloud.com
Joshua,Thomas,1947-06-10T00:00:00.000Z,joshua.thomas6@gmail.com
Lisa,Benedict,2024-02-24T00:00:00.000Z,lisa.benedict65@gmail.com
Danielle,Lin,1986-05-05T00:00:00.000Z,danielle.lin62@icloud.com
Elizabeth,Buck,2025-10-11T00:00:00.000Z,elizabeth.buck51@icloud.com
Michael,Reyes,2012-02-10T00:00:00.000Z,michael.reyes94@gmail.com
Judy,Woods,1945-04-02T00:00:00.000Z,judy.woods@outlook.com
Curtis,Mark,1971-03-04T00:00:00.000Z,curtis.mark@icloud.com
Danny,Méndez,1993-03-12T00:00:00.000Z,danny.méndez39@icloud.com
Michael,Biggs,1993-11-28T00:00:00.000Z,michael.biggs74@icloud.com
Jessica,Thomas,2004-08-16T00:00:00.000Z,jessica.thomas@gmail.com
Michael,Grace,1958-10-28T00:00:00.000Z,michael.grace15@icloud.com
Sean,Lew,1949-07-01T00:00:00.000Z,sean.lew@icloud.com
Preston,Evans,1988-09-27T00:00:00.000Z,preston.evans@icloud.com
Ryan,Smith,2008-02-20T00:00:00.000Z,ryan.smith93@icloud.com
John,Moran,2017-09-01T00:00:00.000Z,john.moran32@gmail.com
Michael,Gomez,1956-02-21T00:00:00.000Z,michael.gomez20@icloud.com
Jason,Flowers,1998-11-10T00:00:00.000Z,jason.flowers47@gmail.com
Finn,Lane,2034-12-08T00:00:00.000Z,finn.lane92@icloud.com
Eric,Lindsay,2038-10-07T00:00:00.000Z,eric.lindsay5@icloud.com
Mallory,Garman,1973-12-08T00:00:00.000Z,mallory.garman69@gmail.com
Rosie,Fong,2034-12-07T00:00:00.000Z,rosie.fong@gmail.com
Athena,Silva,1943-07-03T00:00:00.000Z,athena.silva20@gmail.com
John,Cazares,1981-01-30T00:00:00.000Z,john.cazares@icloud.com
Floyd,Leon,1961-08-04T00:00:00.000Z,floyd.leon28@icloud.com
James,Vega,2007-06-29T00:00:00.000Z,james.vega@icloud.com
Landon,Yao,2034-06-19T00:00:00.000Z,landon.yao73@yahoo.com
Walker,Snider,2011-08-05T00:00:00.000Z,walker.snider80@gmail.com
Scott,Quintana,1994-07-23T00:00:00.000Z,scott.quintana30@gmail.com
Deborah,Jackson,1978-11-19T00:00:00.000Z,deborah.jackson@gmail.com
Nichole,Damian,2012-04-07T00:00:00.000Z,nichole.damian24@icloud.com
Eduardo,Martin,1947-03-01T00:00:00.000Z,eduardo.martin16@outlook.com
Christopher,Roberson,2032-12-18T00:00:00.000Z,christopher.roberson13@gmail.com
Sheila,Gray,2028-09-14T00:00:00.000Z,sheila.gray40@gmail.com
Julie,Isaacson,2039-07-01T00:00:00.000Z,julie.isaacson85@gmail.com
Jonathan,Raya,1974-08-02T00:00:00.000Z,jonathan.raya36@icloud.com
Emma,Golden,2025-11-06T00:00:00.000Z,emma.golden@icloud.com
Luis,Benoit,2037-04-16T00:00:00.000Z,luis.benoit@icloud.com
Traci,Johnson,1984-05-21T00:00:00.000Z,traci.johnson94@gmail.com
Sandra,Dick,2033-06-29T00:00:00.000Z,sandra.dick16@gmail.com
Philip,Norton,1977-12-09T00:00:00.000Z,philip.norton66@icloud.com
Scott,Cabral,1987-06-17T00:00:00.000Z,scott.cabral54@gmail.com
Tammy,Nguyễn,1970-07-15T00:00:00.000Z,tammy.nguyễn77@icloud.com
Steven,Randall,1958-10-27T00:00:00.000Z,steven.randall49@yahoo.com
Brianna,Lee,1989-09-24T00:00:00.000Z,brianna.lee14@gmail.com
Charles,Stratton,1962-05-29T00:00:00.000Z,charles.stratton29@icloud.com
Joyce,Clark,2026-10-19T00:00:00.000Z,joyce.clark39@icloud.com
Alissa,Hughes,2001-01-08T00:00:00.000Z,alissa.hughes1@outlook.com
Sheila,Maloney,2013-11-18T00:00:00.000Z,sheila.maloney31@gmail.com
Debbie,Jackson,1996-07-17T00:00:00.000Z,debbie.jackson22@gmail.com
Thomas,Hawes,2007-05-22T00:00:00.000Z,thomas.hawes57@gmail.com
John,Scott,2009-06-21T00:00:00.000Z,john.scott65@icloud.com
Catherine,Bogan,1945-03-04T00:00:00.000Z,catherine.bogan87@icloud.com
Eleanor,Wheeler,1981-12-27T00:00:00.000Z,eleanor.wheeler59@gmail.com
Wendy,Frye,2024-01-20T00:00:00.000Z,wendy.frye66@icloud.com
Jennifer,Stump,2005-05-30T00:00:00.000Z,jennifer.stump88@outlook.com
Debra,Horne,1987-09-17T00:00:00.000Z,debra.horne82@gmail.com
Justin,McNally,1973-01-20T00:00:00.000Z,justin.mcnally41@icloud.com
Nelson,Lewis,2020-06-11T00:00:00.000Z,nelson.lewis18@gmail.com
Wilson,Pace,2033-06-18T00:00:00.000Z,wilson.pace77@icloud.com
Georgia,Fisher,1948-06-10T00:00:00.000Z,georgia.fisher@icloud.com
Heather,Nielsen,1998-02-27T00:00:00.000Z,heather.nielsen50@gmail.com
Rachel,Robinson,1977-07-21T00:00:00.000Z,rachel.robinson24@icloud.com
Lydia,Parker,1978-11-13T00:00:00.000Z,lydia.parker32@icloud.com
Andrea,Serrano,2034-08-17T00:00:00.000Z,andrea.serrano84@icloud.com
Destiny,Rubio,1952-02-13T00:00:00.000Z,destiny.rubio73@gmail.com
Joseph,Quintanilla,2020-08-11T00:00:00.000Z,joseph.quintanilla@icloud.com
John,Jones,2013-12-31T00:00:00.000Z,john.jones@icloud.com
John,Gonzalez,1964-12-23T00:00:00.000Z,john.gonzalez71@gmail.com
Mackenzie,Bautista,2036-10-01T00:00:00.000Z,mackenzie.bautista29@icloud.com
James,Ayala,1944-03-27T00:00:00.000Z,james.ayala78@gmail.com
Maggie,Austin,1968-05-09T00:00:00.000Z,maggie.austin84@gmail.com
Bryan,Horan,2033-08-03T00:00:00.000Z,bryan.horan16@icloud.com
Wayne,Lewis,2012-10-17T00:00:00.000Z,wayne.lewis97@icloud.com
Frances,Hayes,2032-09-15T00:00:00.000Z,frances.hayes67@icloud.com
Amie,Cobb,2022-05-05T00:00:00.000Z,amie.cobb22@icloud.com
Nicole,Kim,2012-06-01T00:00:00.000Z,nicole.kim19@gmail.com
Charlene,Castro,2017-08-22T00:00:00.000Z,charlene.castro33@outlook.com
Brittney,McLeod,2017-11-01T00:00:00.000Z,brittney.mcleod7@icloud.com
Cheryl,Simon,1983-04-30T00:00:00.000Z,cheryl.simon@outlook.com
Anna,Fischer,1997-11-27T00:00:00.000Z,anna.fischer35@gmail.com
Jackson,Peters,2023-09-21T00:00:00.000Z,jackson.peters43@icloud.com
Thomas,Graham,2039-06-03T00:00:00.000Z,thomas.graham66@icloud.com
Melanie,Reyes,1997-04-01T00:00:00.000Z,melanie.reyes11@gmail.com
Anthony,Glynn,1941-07-06T00:00:00.000Z,anthony.glynn58@gmail.com
Leslie,Maxwell,2005-12-20T00:00:00.000Z,leslie.maxwell89@gmail.com
Sharon,Jackson,1971-01-25T00:00:00.000Z,sharon.jackson70@icloud.com
Kendra,Durham,2039-07-01T00:00:00.000Z,kendra.durham@outlook.com
Mary,Booth,1963-06-07T00:00:00.000Z,mary.booth45@icloud.com
Jesus,Chapman,1946-09-18T00:00:00.000Z,jesus.chapman51@gmail.com
Sheila,Hunt,1987-11-11T00:00:00.000Z,sheila.hunt61@icloud.com
Santiago,Swank,1949-09-13T00:00:00.000Z,santiago.swank21@outlook.com
Thomas,Dodd,1973-01-01T00:00:00.000Z,thomas.dodd47@icloud.com
Andres,Dalton,1951-06-28T00:00:00.000Z,andres.dalton64@gmail.com
Suzanne,Madsen,1985-06-12T00:00:00.000Z,suzanne.madsen36@gmail.com
Wayne,Campbell,1986-09-16T00:00:00.000Z,wayne.campbell36@gmail.com
Emely,White,1942-05-16T00:00:00.000Z,emely.white22@icloud.com
William,Sanders,2037-02-09T00:00:00.000Z,william.sanders99@icloud.com
Charles,Rivera,1952-04-14T00:00:00.000Z,charles.rivera18@yahoo.com
Christopher,Gifford,1971-03-22T00:00:00.000Z,christopher.gifford86@gmail.com
Isaiah,Heil,2003-12-20T00:00:00.000Z,isaiah.heil13@outlook.com
Nicholas,Velázquez,2010-05-10T00:00:00.000Z,nicholas.velázquez@gmail.com
Janine,Rojas,2037-05-23T00:00:00.000Z,janine.rojas@icloud.com
Willard,Lusk,2038-05-05T00:00:00.000Z,willard.lusk23@icloud.com
Susan,Medina,1979-02-14T00:00:00.000Z,susan.medina76@gmail.com
Tyler,Valdés,2019-05-04T00:00:00.000Z,tyler.valdés90@icloud.com
Grady,Ford,1945-11-05T00:00:00.000Z,grady.ford75@gmail.com
Alexander,McDermott,2036-09-10T00:00:00.000Z,alexander.mcdermott41@outlook.com
Julian,Thompson,1967-09-09T00:00:00.000Z,julian.thompson39@icloud.com
Jaime,Martínez,2008-10-24T00:00:00.000Z,jaime.martínez0@icloud.com
Sarah,Carey,2020-01-12T00:00:00.000Z,sarah.carey35@icloud.com
Nevaeh,Linville,1992-10-03T00:00:00.000Z,nevaeh.linville96@gmail.com
Lindsay,Cooper,1995-06-14T00:00:00.000Z,lindsay.cooper33@icloud.com
Warren,Horton,1973-12-10T00:00:00.000Z,warren.horton79@icloud.com
Frank,Adams,2039-09-20T00:00:00.000Z,frank.adams40@icloud.com
Stacy,Vincent,1990-04-11T00:00:00.000Z,stacy.vincent99@gmail.com
Paul,Ramsay,2022-04-19T00:00:00.000Z,paul.ramsay9@icloud.com
Connie,Lyons,1983-05-05T00:00:00.000Z,connie.lyons6@icloud.com
Philip,Edwards,1976-06-29T00:00:00.000Z,philip.edwards94@icloud.com
Bret,Martínez,2031-01-20T00:00:00.000Z,bret.martínez88@gmail.com
Kimberly,Massey,1946-10-24T00:00:00.000Z,kimberly.massey32@outlook.com
Matthew,Adam,1942-12-22T00:00:00.000Z,matthew.adam67@yahoo.com
Seth,Sanders,1995-11-01T00:00:00.000Z,seth.sanders65@gmail.com
Stacy,Banks,2024-03-27T00:00:00.000Z,stacy.banks59@gmail.com
Ariel,Nielsen,2027-10-28T00:00:00.000Z,ariel.nielsen78@gmail.com
Michael,Lyons,2005-08-29T00:00:00.000Z,michael.lyons77@icloud.com
Bruce,Wilson,2018-02-17T00:00:00.000Z,bruce.wilson29@icloud.com
Stella,Nguyễn,1977-12-28T00:00:00.000Z,stella.nguyễn69@icloud.com
Kennedy,McNeil,1983-11-04T00:00:00.000Z,kennedy.mcneil57@icloud.com
Zackary,Wooten,1975-07-07T00:00:00.000Z,zackary.wooten26@outlook.com
Ethan,Stevens,1996-07-21T00:00:00.000Z,ethan.stevens@gmail.com
Christian,Bowen,1971-08-27T00:00:00.000Z,christian.bowen67@gmail.com
Christina,Cox,1997-02-25T00:00:00.000Z,christina.cox15@icloud.com
Ian,DeLeon,1995-06-03T00:00:00.000Z,ian.deleon84@icloud.com
Sylvia,McCoy,2027-01-12T00:00:00.000Z,sylvia.mccoy65@gmail.com
Lea,Santana,2014-12-29T00:00:00.000Z,lea.santana@gmail.com
Mario,Crawford,1952-02-28T00:00:00.000Z,mario.crawford14@icloud.com
Crystal,Asher,1952-02-11T00:00:00.000Z,crystal.asher84@gmail.com
Stephen,Phillips,2016-08-04T00:00:00.000Z,stephen.phillips@icloud.com
Erick,Rivera,1988-04-07T00:00:00.000Z,erick.rivera54@icloud.com
Gary,Garcia,1990-06-03T00:00:00.000Z,gary.garcia@gmail.com
Jakob,Gibson,1948-03-03T00:00:00.000Z,jakob.gibson43@gmail.com
Brian,Taggart,1946-09-12T00:00:00.000Z,brian.taggart@yahoo.com
Selina,Martínez,1995-07-11T00:00:00.000Z,selina.martínez@icloud.com
Stephen,Olson,2030-07-23T00:00:00.000Z,stephen.olson76@gmail.com
Remington,Harris,2010-10-12T00:00:00.000Z,remington.harris40@gmail.com
Anthony,Esparza,2034-10-31T00:00:00.000Z,anthony.esparza24@icloud.com
Nathan,Fish,2009-04-15T00:00:00.000Z,nathan.fish18@gmail.com
Samuel,Schuler,1988-10-08T00:00:00.000Z,samuel.schuler58@icloud.com
Bradley,Zavala,1993-11-04T00:00:00.000Z,bradley.zavala41@icloud.com
Patty,Barbour,1942-10-19T00:00:00.000Z,patty.barbour2@icloud.com
Christina,Velásquez,1957-09-09T00:00:00.000Z,christina.velásquez97@gmail.com
Jean,Garcia,1995-03-01T00:00:00.000Z,jean.garcia79@gmail.com
Jodi,Ward,1962-01-10T00:00:00.000Z,jodi.ward@gmail.com
Charlene,Ramírez,2024-12-22T00:00:00.000Z,charlene.ramírez92@icloud.com
Norma,Moore,1962-01-25T00:00:00.000Z,norma.moore59@icloud.com
Joseph,McClendon,1979-06-01T00:00:00.000Z,joseph.mcclendon16@icloud.com
Joanna,Ashley,1957-06-06T00:00:00.000Z,joanna.ashley36@icloud.com
Mark,Quiñonez,1972-08-20T00:00:00.000Z,mark.quiñonez85@gmail.com
Sara,Jordan,2013-05-09T00:00:00.000Z,sara.jordan@icloud.com
James,López,2032-06-11T00:00:00.000Z,james.lópez50@icloud.com
Karen,Reed,1966-04-30T00:00:00.000Z,karen.reed30@outlook.com
Emily,Rosenthal,2025-10-14T00:00:00.000Z,emily.rosenthal76@gmail.com
Charles,Bryant,1985-07-09T00:00:00.000Z,charles.bryant37@gmail.com
Michelle,Valdez,1954-01-12T00:00:00.000Z,michelle.valdez75@gmail.com
Isabel,Cato,2032-04-27T00:00:00.000Z,isabel.cato41@gmail.com
James,Wise,1953-08-11T00:00:00.000Z,james.wise78@icloud.com
Patsy,Ruiz,1974-12-27T00:00:00.000Z,patsy.ruiz82@yahoo.com
Veronica,Ross,1979-09-06T00:00:00.000Z,veronica.ross@gmail.com
Susan,Martínez,2024-06-18T00:00:00.000Z,susan.martínez44@icloud.com
Chloe,Tovar,2036-08-21T00:00:00.000Z,chloe.tovar@gmail.com
Janelle,Garcia,1941-12-01T00:00:00.000Z,janelle.garcia75@yahoo.com
Nathan,Estrada,2016-05-29T00:00:00.000Z,nathan.estrada51@gmail.com
Anne,Rose,1942-07-19T00:00:00.000Z,anne.rose41@gmail.com
Gary,Flowers,1972-07-09T00:00:00.000Z,gary.flowers@icloud.com
Susan,Daniels,1968-03-10T00:00:00.000Z,susan.daniels9@gmail.com
Dylan,Daniels,2039-11-05T00:00:00.000Z,dylan.daniels@icloud.com
Emily,Hare,1960-10-12T00:00:00.000Z,emily.hare73@gmail.com
Sandra,Etheridge,2008-01-09T00:00:00.000Z,sandra.etheridge21@gmail.com
Esmeralda,Fain,1994-01-14T00:00:00.000Z,esmeralda.fain48@gmail.com
Wendy,Ocampo,1947-02-04T00:00:00.000Z,wendy.ocampo67@icloud.com
Rhonda,Chavez,1977-12-29T00:00:00.000Z,rhonda.chavez58@icloud.com
Scott,López,2009-01-09T00:00:00.000Z,scott.lópez73@icloud.com
Eleanor,Márquez,1979-09-06T00:00:00.000Z,eleanor.márquez34@icloud.com
Micheal,Barreto,1976-05-13T00:00:00.000Z,micheal.barreto90@gmail.com
Hudson,Moore,2004-08-06T00:00:00.000Z,hudson.moore@gmail.com
James,Taylor,2013-07-14T00:00:00.000Z,james.taylor51@gmail.com
Glen,Segovia,1982-09-16T00:00:00.000Z,glen.segovia21@outlook.com
Alonso,Dunlap,1997-08-02T00:00:00.000Z,alonso.dunlap70@icloud.com
Michael,Wyatt,2000-01-24T00:00:00.000Z,michael.wyatt13@icloud.com
Dorothy,Smith,2024-04-18T00:00:00.000Z,dorothy.smith66@gmail.com
Richard,Garcia,2014-03-14T00:00:00.000Z,richard.garcia48@icloud.com
Ricardo,Griffith,1996-11-09T00:00:00.000Z,ricardo.griffith43@icloud.com
Donald,Little,1948-12-28T00:00:00.000Z,donald.little6@icloud.com
Lorraine,Nobles,1952-07-15T00:00:00.000Z,lorraine.nobles91@icloud.com
Linda,Dudley,2000-03-29T00:00:00.000Z,linda.dudley69@icloud.com
Michelle,Amin,1960-11-25T00:00:00.000Z,michelle.amin@gmail.com
Nicole,Stull,2015-02-06T00:00:00.000Z,nicole.stull90@icloud.com
Herbert,Díaz,1942-06-17T00:00:00.000Z,herbert.díaz@gmail.com
Thomas,Campbell,1948-06-16T00:00:00.000Z,thomas.campbell95@icloud.com
Sandra,Bowman,1990-12-27T00:00:00.000Z,sandra.bowman33@gmail.com
Laila,Adams,2016-09-01T00:00:00.000Z,laila.adams3@icloud.com
Rudy,Stamper,1973-03-04T00:00:00.000Z,rudy.stamper38@outlook.com
Mason,Clark,1983-05-03T00:00:00.000Z,mason.clark14@icloud.com
James,Pantoja,1956-05-24T00:00:00.000Z,james.pantoja95@icloud.com
Kari,Moon,2032-03-08T00:00:00.000Z,kari.moon34@gmail.com
Andrew,Parsons,2028-09-29T00:00:00.000Z,andrew.parsons5@icloud.com
Leticia,Ali,1977-07-20T00:00:00.000Z,leticia.ali80@gmail.com
Ryan,Van,1972-07-08T00:00:00.000Z,ryan.van27@icloud.com
Edwin,Elder,2030-03-29T00:00:00.000Z,edwin.elder6@icloud.com
Tanner,Doyle,1968-10-07T00:00:00.000Z,tanner.doyle89@gmail.com
Frances,Roth,1978-12-04T00:00:00.000Z,frances.roth96@icloud.com
David,Ruiz,1954-02-25T00:00:00.000Z,david.ruiz@outlook.com
Evelyn,Jones,2029-03-05T00:00:00.000Z,evelyn.jones42@gmail.com
Royce,Osorio,2021-07-29T00:00:00.000Z,royce.osorio52@icloud.com
Victoria,Gordon,1984-04-13T00:00:00.000Z,victoria.gordon30@gmail.com
Isaiah,Cloutier,1982-05-06T00:00:00.000Z,isaiah.cloutier68@icloud.com